scrape_timestamp,page_number,row_number,inferred_name,inferred_handle,inferred_followers,inferred_er,inferred_engagement,numeric_tokens,percent_tokens,all_visible_text,visible_lines_json,debug_notes,line_1,line_2,line_3,line_4,line_5,line_6,line_7,line_8,line_9,line_10,line_11,line_12
2026-03-26T10:55:34,5,1,Antiaging I Longevity,@antiagingmission,967.7k,0.03%,0.03,"[""967.7k"", ""0.03"", ""251""]","[""0.03%""]",Antiaging I Longevity | @antiagingmission | 967.7k | 0.03% | 251 | Save,"[""Antiaging I Longevity"", ""@antiagingmission"", ""967.7k"", ""0.03%"", ""251"", ""Save""]",,Antiaging I Longevity,@antiagingmission,967.7k,0.03%,251,Save,,,,,,
2026-03-26T10:55:34,5,2,Simple Life App,@simpleappofficial,964k,0.08%,0.08,"[""964k"", ""0.08"", ""804""]","[""0.08%""]",Simple Life App | @simpleappofficial | 964k | 0.08% | 804 | Save,"[""Simple Life App"", ""@simpleappofficial"", ""964k"", ""0.08%"", ""804"", ""Save""]",,Simple Life App,@simpleappofficial,964k,0.08%,804,Save,,,,,,
2026-03-26T10:55:34,5,3,Dr. Jaban Moore,@drjabanmoore,955.7k,0.06%,0.06,"[""955.7k"", ""0.06"", ""548""]","[""0.06%""]",Dr. Jaban Moore | @drjabanmoore | 955.7k | 0.06% | 548 | Save,"[""Dr. Jaban Moore"", ""@drjabanmoore"", ""955.7k"", ""0.06%"", ""548"", ""Save""]",,Dr. Jaban Moore,@drjabanmoore,955.7k,0.06%,548,Save,,,,,,
2026-03-26T10:55:34,5,4,Naveen Jain,@naveenjainceo,948.6k,0%,0,"[""948.6k"", ""0"", ""28""]","[""0%""]",Naveen Jain | @naveenjainceo | 948.6k | 0% | 28 | Save,"[""Naveen Jain"", ""@naveenjainceo"", ""948.6k"", ""0%"", ""28"", ""Save""]",,Naveen Jain,@naveenjainceo,948.6k,0%,28,Save,,,,,,
2026-03-26T10:55:34,5,5,Brandon Dawson,@brandonmdawson,947.3k,1.24%,1.24,"[""947.3k"", ""1.24"", ""11.7k""]","[""1.24%""]",Brandon Dawson | @brandonmdawson | 947.3k | 1.24% | 11.7k | Save,"[""Brandon Dawson"", ""@brandonmdawson"", ""947.3k"", ""1.24%"", ""11.7k"", ""Save""]",,Brandon Dawson,@brandonmdawson,947.3k,1.24%,11.7k,Save,,,,,,
2026-03-26T10:55:34,5,6,Dr. Pedi Mirdamadi,@drpedinaturalhealth,900.7k,0.05%,0.05,"[""900.7k"", ""0.05"", ""454""]","[""0.05%""]",Dr. Pedi Mirdamadi | @drpedinaturalhealth | 900.7k | 0.05% | 454 | Save,"[""Dr. Pedi Mirdamadi"", ""@drpedinaturalhealth"", ""900.7k"", ""0.05%"", ""454"", ""Save""]",,Dr. Pedi Mirdamadi,@drpedinaturalhealth,900.7k,0.05%,454,Save,,,,,,
2026-03-26T10:55:34,5,7,Mikhaila Fuller,@mikhailapeterson,899.5k,0.29%,0.29,"[""899.5k"", ""0.29"", ""2.6k""]","[""0.29%""]",Mikhaila Fuller | @mikhailapeterson | 899.5k | 0.29% | 2.6k | Save,"[""Mikhaila Fuller"", ""@mikhailapeterson"", ""899.5k"", ""0.29%"", ""2.6k"", ""Save""]",,Mikhaila Fuller,@mikhailapeterson,899.5k,0.29%,2.6k,Save,,,,,,
2026-03-26T10:55:34,5,8,Amino Acids Health,@aminocompany,883.1k,0%,0,"[""883.1k"", ""0"", ""4""]","[""0%""]",Amino Acids Health | @aminocompany | 883.1k | 0% | 4 | Save,"[""Amino Acids Health"", ""@aminocompany"", ""883.1k"", ""0%"", ""4"", ""Save""]",,Amino Acids Health,@aminocompany,883.1k,0%,4,Save,,,,,,
2026-03-26T10:55:34,5,9,"Dan Gubler, Ph.D.",@drdangubler,872.2k,0.83%,0.83,"[""872.2k"", ""0.83"", ""7.2k""]","[""0.83%""]","Dan Gubler, Ph.D. | @drdangubler | 872.2k | 0.83% | 7.2k | Save","[""Dan Gubler, Ph.D."", ""@drdangubler"", ""872.2k"", ""0.83%"", ""7.2k"", ""Save""]",,"Dan Gubler, Ph.D.",@drdangubler,872.2k,0.83%,7.2k,Save,,,,,,
2026-03-26T10:55:34,5,10,Skinny Bunny Tea,@skinnybunnytea,870.1k,0%,0,"[""870.1k"", ""0"", ""7""]","[""0%""]",Skinny Bunny Tea | @skinnybunnytea | 870.1k | 0% | 7 | Save,"[""Skinny Bunny Tea"", ""@skinnybunnytea"", ""870.1k"", ""0%"", ""7"", ""Save""]",,Skinny Bunny Tea,@skinnybunnytea,870.1k,0%,7,Save,,,,,,
2026-03-26T10:55:34,5,11,Ali Ramadan,@holisticali,846.2k,,,"[""846.2k""]",[],Ali Ramadan | @holisticali | 846.2k | Likes are hidden | Likes are hidden | Save,"[""Ali Ramadan"", ""@holisticali"", ""846.2k"", ""Likes are hidden"", ""Likes are hidden"", ""Save""]","er_missing,engagement_missing",Ali Ramadan,@holisticali,846.2k,Likes are hidden,Likes are hidden,Save,,,,,,
2026-03-26T10:55:34,5,12,"Casey Means, MD",@drcaseyskitchen,845.4k,0.12%,0.12,"[""845.4k"", ""0.12"", ""1k""]","[""0.12%""]","Casey Means, MD | @drcaseyskitchen | 845.4k | 0.12% | 1k | Save","[""Casey Means, MD"", ""@drcaseyskitchen"", ""845.4k"", ""0.12%"", ""1k"", ""Save""]",,"Casey Means, MD",@drcaseyskitchen,845.4k,0.12%,1k,Save,,,,,,
2026-03-26T10:55:34,5,13,Meelah_Moss_Seamoss,@meelah_moss,810.8k,0.06%,0.06,"[""810.8k"", ""0.06"", ""496""]","[""0.06%""]",Meelah_Moss_Seamoss | @meelah_moss | 810.8k | 0.06% | 496 | Save,"[""Meelah_Moss_Seamoss"", ""@meelah_moss"", ""810.8k"", ""0.06%"", ""496"", ""Save""]",,Meelah_Moss_Seamoss,@meelah_moss,810.8k,0.06%,496,Save,,,,,,
2026-03-26T10:55:34,5,14,Dr. Will Cole,@drwillcole,810k,0.39%,0.39,"[""810k"", ""0.39"", ""3.2k""]","[""0.39%""]",Dr. Will Cole | @drwillcole | 810k | 0.39% | 3.2k | Save,"[""Dr. Will Cole"", ""@drwillcole"", ""810k"", ""0.39%"", ""3.2k"", ""Save""]",,Dr. Will Cole,@drwillcole,810k,0.39%,3.2k,Save,,,,,,
2026-03-26T10:55:34,5,15,"Casey Farlow, Perimenopause Dietitian",@perimenopause.nutritionist,807.6k,0.04%,0.04,"[""807.6k"", ""0.04"", ""337""]","[""0.04%""]","Casey Farlow, Perimenopause Dietitian | @perimenopause.nutritionist | 807.6k | 0.04% | 337 | Save","[""Casey Farlow, Perimenopause Dietitian"", ""@perimenopause.nutritionist"", ""807.6k"", ""0.04%"", ""337"", ""Save""]",,"Casey Farlow, Perimenopause Dietitian",@perimenopause.nutritionist,807.6k,0.04%,337,Save,,,,,,
2026-03-26T10:56:05,6,1,Tonum Health,@smoothie.healing,806.5k,0.08%,0.08,"[""806.5k"", ""0.08"", ""678""]","[""0.08%""]",Tonum Health | @smoothie.healing | 806.5k | 0.08% | 678 | Save,"[""Tonum Health"", ""@smoothie.healing"", ""806.5k"", ""0.08%"", ""678"", ""Save""]",,Tonum Health,@smoothie.healing,806.5k,0.08%,678,Save,,,,,,
2026-03-26T10:56:05,6,2,Emmie Keefe | Healthy Emmie,@healthyemmie,803.9k,0.82%,0.82,"[""803.9k"", ""0.82"", ""6.6k""]","[""0.82%""]",Emmie Keefe | Healthy Emmie | @healthyemmie | 803.9k | 0.82% | 6.6k | Save,"[""Emmie Keefe | Healthy Emmie"", ""@healthyemmie"", ""803.9k"", ""0.82%"", ""6.6k"", ""Save""]",,Emmie Keefe | Healthy Emmie,@healthyemmie,803.9k,0.82%,6.6k,Save,,,,,,
2026-03-26T10:56:05,6,3,"Sabine Hazan, MD",@dr.sabinehazan,800.4k,1.35%,1.35,"[""800.4k"", ""1.35"", ""10.8k""]","[""1.35%""]","Sabine Hazan, MD | @dr.sabinehazan | 800.4k | 1.35% | 10.8k | Save","[""Sabine Hazan, MD"", ""@dr.sabinehazan"", ""800.4k"", ""1.35%"", ""10.8k"", ""Save""]",,"Sabine Hazan, MD",@dr.sabinehazan,800.4k,1.35%,10.8k,Save,,,,,,
2026-03-26T10:56:05,6,4,David Sinclair,@davidsinclairphd,779.9k,0.31%,0.31,"[""779.9k"", ""0.31"", ""2.4k""]","[""0.31%""]",David Sinclair | @davidsinclairphd | 779.9k | 0.31% | 2.4k | Save,"[""David Sinclair"", ""@davidsinclairphd"", ""779.9k"", ""0.31%"", ""2.4k"", ""Save""]",,David Sinclair,@davidsinclairphd,779.9k,0.31%,2.4k,Save,,,,,,
2026-03-26T10:56:05,6,5,Axed News,@axed.news,776.7k,0%,0,"[""776.7k"", ""0"", ""6""]","[""0%""]",Axed News | @axed.news | 776.7k | 0% | 6 | Save,"[""Axed News"", ""@axed.news"", ""776.7k"", ""0%"", ""6"", ""Save""]",,Axed News,@axed.news,776.7k,0%,6,Save,,,,,,
2026-03-26T10:56:05,6,6,Phor Robinson,@phoreverim,776.2k,0.27%,0.27,"[""776.2k"", ""0.27"", ""2.1k""]","[""0.27%""]",Phor Robinson | @phoreverim | 776.2k | 0.27% | 2.1k | Save,"[""Phor Robinson"", ""@phoreverim"", ""776.2k"", ""0.27%"", ""2.1k"", ""Save""]",,Phor Robinson,@phoreverim,776.2k,0.27%,2.1k,Save,,,,,,
2026-03-26T10:56:05,6,7,Steven Geanopulos,@drsteveng,776k,0.05%,0.05,"[""776k"", ""0.05"", ""413""]","[""0.05%""]",Steven Geanopulos | @drsteveng | 776k | 0.05% | 413 | Save,"[""Steven Geanopulos"", ""@drsteveng"", ""776k"", ""0.05%"", ""413"", ""Save""]",,Steven Geanopulos,@drsteveng,776k,0.05%,413,Save,,,,,,
2026-03-26T10:56:05,6,8,Weightloss & Fitness Guidence,@wishealthylife,775.7k,0%,0,"[""775.7k"", ""0"", ""33""]","[""0%""]",Weightloss & Fitness Guidence | @wishealthylife | 775.7k | 0% | 33 | Save,"[""Weightloss & Fitness Guidence"", ""@wishealthylife"", ""775.7k"", ""0%"", ""33"", ""Save""]",,Weightloss & Fitness Guidence,@wishealthylife,775.7k,0%,33,Save,,,,,,
2026-03-26T10:56:05,6,9,⭐ FITNESS I NUTRITION I DIET ⭐,@fitness_tipsters,772.6k,0.03%,0.03,"[""772.6k"", ""0.03"", ""266""]","[""0.03%""]",⭐ FITNESS I NUTRITION I DIET ⭐ | @fitness_tipsters | 772.6k | 0.03% | 266 | Save,"[""\u2b50 FITNESS I NUTRITION I DIET \u2b50"", ""@fitness_tipsters"", ""772.6k"", ""0.03%"", ""266"", ""Save""]",,⭐ FITNESS I NUTRITION I DIET ⭐,@fitness_tipsters,772.6k,0.03%,266,Save,,,,,,
2026-03-26T10:56:05,6,10,Higher To Health,@highertohealth,762.3k,0.1%,0.1,"[""762.3k"", ""0.1"", ""726""]","[""0.1%""]",Higher To Health | @highertohealth | 762.3k | 0.1% | 726 | Save,"[""Higher To Health"", ""@highertohealth"", ""762.3k"", ""0.1%"", ""726"", ""Save""]",,Higher To Health,@highertohealth,762.3k,0.1%,726,Save,,,,,,
2026-03-26T10:56:05,6,11,Johnny Hadac,@drjohnnyhadac,739.8k,0.21%,0.21,"[""739.8k"", ""0.21"", ""1.6k""]","[""0.21%""]",Johnny Hadac | @drjohnnyhadac | 739.8k | 0.21% | 1.6k | Save,"[""Johnny Hadac"", ""@drjohnnyhadac"", ""739.8k"", ""0.21%"", ""1.6k"", ""Save""]",,Johnny Hadac,@drjohnnyhadac,739.8k,0.21%,1.6k,Save,,,,,,
2026-03-26T10:56:05,6,12,DETOX WEIGHT LOSS,@detoxweightloss,726.4k,,,"[""726.4k""]",[],DETOX WEIGHT LOSS | @detoxweightloss | 726.4k | Likes are hidden | Likes are hidden | Save,"[""DETOX WEIGHT LOSS"", ""@detoxweightloss"", ""726.4k"", ""Likes are hidden"", ""Likes are hidden"", ""Save""]","er_missing,engagement_missing",DETOX WEIGHT LOSS,@detoxweightloss,726.4k,Likes are hidden,Likes are hidden,Save,,,,,,
2026-03-26T10:56:05,6,13,Natalie Jill- Over 50 MIDLIFE CONVERSATIONS,@nataliejillfit,50,0.18%,723.1k,"[""50"", ""723.1k"", ""0.18"", ""1.3k""]","[""0.18%""]",Natalie Jill- Over 50 MIDLIFE CONVERSATIONS | @nataliejillfit | 723.1k | 0.18% | 1.3k | Save,"[""Natalie Jill- Over 50 MIDLIFE CONVERSATIONS"", ""@nataliejillfit"", ""723.1k"", ""0.18%"", ""1.3k"", ""Save""]",,Natalie Jill- Over 50 MIDLIFE CONVERSATIONS,@nataliejillfit,723.1k,0.18%,1.3k,Save,,,,,,
2026-03-26T10:56:05,6,14,Itay Shechter,@gfbeef,721.3k,0.6%,0.6,"[""721.3k"", ""0.6"", ""4.3k""]","[""0.6%""]",Itay Shechter | @gfbeef | 721.3k | 0.6% | 4.3k | Save,"[""Itay Shechter"", ""@gfbeef"", ""721.3k"", ""0.6%"", ""4.3k"", ""Save""]",,Itay Shechter,@gfbeef,721.3k,0.6%,4.3k,Save,,,,,,
2026-03-26T10:56:05,6,15,titusunlimited,@titusunlimited,708.5k,0.06%,0.06,"[""708.5k"", ""0.06"", ""423""]","[""0.06%""]",titusunlimited | @titusunlimited | 708.5k | 0.06% | 423 | Save,"[""titusunlimited"", ""@titusunlimited"", ""708.5k"", ""0.06%"", ""423"", ""Save""]",,titusunlimited,@titusunlimited,708.5k,0.06%,423,Save,,,,,,
2026-03-26T10:56:33,7,1,Weight Loss Coach/ Shapewear,@kickweightwithkeisha,687.8k,0.03%,0.03,"[""687.8k"", ""0.03"", ""227""]","[""0.03%""]",Weight Loss Coach/ Shapewear | @kickweightwithkeisha | 687.8k | 0.03% | 227 | Save,"[""Weight Loss Coach/ Shapewear"", ""@kickweightwithkeisha"", ""687.8k"", ""0.03%"", ""227"", ""Save""]",,Weight Loss Coach/ Shapewear,@kickweightwithkeisha,687.8k,0.03%,227,Save,,,,,,
2026-03-26T10:56:33,7,2,Dr Jennifer Ashton,@drjashton,679.5k,0.38%,0.38,"[""679.5k"", ""0.38"", ""2.6k""]","[""0.38%""]",Dr Jennifer Ashton | @drjashton | 679.5k | 0.38% | 2.6k | Save,"[""Dr Jennifer Ashton"", ""@drjashton"", ""679.5k"", ""0.38%"", ""2.6k"", ""Save""]",,Dr Jennifer Ashton,@drjashton,679.5k,0.38%,2.6k,Save,,,,,,
2026-03-26T10:56:33,7,3,Hormonal Health Coach for Women 30+,@ericafitlove,30,0.05%,677.6k,"[""30"", ""677.6k"", ""0.05"", ""324""]","[""0.05%""]",Hormonal Health Coach for Women 30+ | @ericafitlove | 677.6k | 0.05% | 324 | Save,"[""Hormonal Health Coach for Women 30+"", ""@ericafitlove"", ""677.6k"", ""0.05%"", ""324"", ""Save""]",,Hormonal Health Coach for Women 30+,@ericafitlove,677.6k,0.05%,324,Save,,,,,,
2026-03-26T10:56:33,7,4,Colin Smith,@largebaj,677.1k,1.9%,1.9,"[""677.1k"", ""1.9"", ""12.9k""]","[""1.9%""]",Colin Smith | @largebaj | 677.1k | 1.9% | 12.9k | Save,"[""Colin Smith"", ""@largebaj"", ""677.1k"", ""1.9%"", ""12.9k"", ""Save""]",,Colin Smith,@largebaj,677.1k,1.9%,12.9k,Save,,,,,,
2026-03-26T10:56:33,7,5,Giselle Orentas,@giselle.orentas,655.6k,0.77%,0.77,"[""655.6k"", ""0.77"", ""5k""]","[""0.77%""]",Giselle Orentas | @giselle.orentas | 655.6k | 0.77% | 5k | Save,"[""Giselle Orentas"", ""@giselle.orentas"", ""655.6k"", ""0.77%"", ""5k"", ""Save""]",,Giselle Orentas,@giselle.orentas,655.6k,0.77%,5k,Save,,,,,,
2026-03-26T10:56:33,7,6,Dr Thierry Jacquemin,@drthierryjacquemin,643.7k,0.71%,0.71,"[""643.7k"", ""0.71"", ""4.6k""]","[""0.71%""]",Dr Thierry Jacquemin | @drthierryjacquemin | 643.7k | 0.71% | 4.6k | Save,"[""Dr Thierry Jacquemin"", ""@drthierryjacquemin"", ""643.7k"", ""0.71%"", ""4.6k"", ""Save""]",,Dr Thierry Jacquemin,@drthierryjacquemin,643.7k,0.71%,4.6k,Save,,,,,,
2026-03-26T10:56:33,7,7,COURTNEY SWAN Realfoodology™,@realfoodology,638.9k,0.36%,0.36,"[""638.9k"", ""0.36"", ""2.3k""]","[""0.36%""]",COURTNEY SWAN Realfoodology™ | @realfoodology | 638.9k | 0.36% | 2.3k | Save,"[""COURTNEY SWAN Realfoodology\u2122"", ""@realfoodology"", ""638.9k"", ""0.36%"", ""2.3k"", ""Save""]",,COURTNEY SWAN Realfoodology™,@realfoodology,638.9k,0.36%,2.3k,Save,,,,,,
2026-03-26T10:56:33,7,8,Juan Abi,@abienergy22,638.8k,0.04%,0.04,"[""638.8k"", ""0.04"", ""282""]","[""0.04%""]",Juan Abi | @abienergy22 | 638.8k | 0.04% | 282 | Save,"[""Juan Abi"", ""@abienergy22"", ""638.8k"", ""0.04%"", ""282"", ""Save""]",,Juan Abi,@abienergy22,638.8k,0.04%,282,Save,,,,,,
2026-03-26T10:56:33,7,9,Zac Smith - IFBB Pro & Online Fitness Coach,@zacsmithfitness,631.1k,0.07%,0.07,"[""631.1k"", ""0.07"", ""436""]","[""0.07%""]",Zac Smith - IFBB Pro & Online Fitness Coach | @zacsmithfitness | 631.1k | 0.07% | 436 | Save,"[""Zac Smith - IFBB Pro & Online Fitness Coach"", ""@zacsmithfitness"", ""631.1k"", ""0.07%"", ""436"", ""Save""]",,Zac Smith - IFBB Pro & Online Fitness Coach,@zacsmithfitness,631.1k,0.07%,436,Save,,,,,,
2026-03-26T10:56:33,7,10,Ava Abrams,@beautiful_holistic_,621.2k,0.15%,0.15,"[""621.2k"", ""0.15"", ""960""]","[""0.15%""]",Ava Abrams | @beautiful_holistic_ | 621.2k | 0.15% | 960 | Save,"[""Ava Abrams"", ""@beautiful_holistic_"", ""621.2k"", ""0.15%"", ""960"", ""Save""]",,Ava Abrams,@beautiful_holistic_,621.2k,0.15%,960,Save,,,,,,
2026-03-26T10:56:33,7,11,Jamie Lee | The Empowered Mama Guide,@wisdom_in_motherhood,617.5k,0.36%,0.36,"[""617.5k"", ""0.36"", ""2.2k""]","[""0.36%""]",Jamie Lee | The Empowered Mama Guide | @wisdom_in_motherhood | 617.5k | 0.36% | 2.2k | Save,"[""Jamie Lee | The Empowered Mama Guide"", ""@wisdom_in_motherhood"", ""617.5k"", ""0.36%"", ""2.2k"", ""Save""]",,Jamie Lee | The Empowered Mama Guide,@wisdom_in_motherhood,617.5k,0.36%,2.2k,Save,,,,,,
2026-03-26T10:56:33,7,12,Jennifer Cohen,@therealjencohen,615.4k,0.17%,0.17,"[""615.4k"", ""0.17"", ""1k""]","[""0.17%""]",Jennifer Cohen | @therealjencohen | 615.4k | 0.17% | 1k | Save,"[""Jennifer Cohen"", ""@therealjencohen"", ""615.4k"", ""0.17%"", ""1k"", ""Save""]",,Jennifer Cohen,@therealjencohen,615.4k,0.17%,1k,Save,,,,,,
2026-03-26T10:56:33,7,13,Chris Powell,@realchrispowell,613.6k,0.14%,0.14,"[""613.6k"", ""0.14"", ""871""]","[""0.14%""]",Chris Powell | @realchrispowell | 613.6k | 0.14% | 871 | Save,"[""Chris Powell"", ""@realchrispowell"", ""613.6k"", ""0.14%"", ""871"", ""Save""]",,Chris Powell,@realchrispowell,613.6k,0.14%,871,Save,,,,,,
2026-03-26T10:56:33,7,14,Wellness Tips & Hacks,@wellnesstipsandhacks,612.2k,0.02%,0.02,"[""612.2k"", ""0.02"", ""97""]","[""0.02%""]",Wellness Tips & Hacks | @wellnesstipsandhacks | 612.2k | 0.02% | 97 | Save,"[""Wellness Tips & Hacks"", ""@wellnesstipsandhacks"", ""612.2k"", ""0.02%"", ""97"", ""Save""]",,Wellness Tips & Hacks,@wellnesstipsandhacks,612.2k,0.02%,97,Save,,,,,,
2026-03-26T10:56:33,7,15,Daily Health Tips,@ajorganicbeauty,607.1k,0.01%,0.01,"[""607.1k"", ""0.01"", ""56""]","[""0.01%""]",Daily Health Tips | @ajorganicbeauty | 607.1k | 0.01% | 56 | Save,"[""Daily Health Tips"", ""@ajorganicbeauty"", ""607.1k"", ""0.01%"", ""56"", ""Save""]",,Daily Health Tips,@ajorganicbeauty,607.1k,0.01%,56,Save,,,,,,
2026-03-26T10:57:04,8,1,Priscilla Swahn MS RD | Hormone & Thyroid Dietitian,@priscillaswahn.rd,603.7k,0.02%,0.02,"[""603.7k"", ""0.02"", ""97""]","[""0.02%""]",Priscilla Swahn MS RD | Hormone & Thyroid Dietitian | @priscillaswahn.rd | 603.7k | 0.02% | 97 | Save,"[""Priscilla Swahn MS RD | Hormone & Thyroid Dietitian"", ""@priscillaswahn.rd"", ""603.7k"", ""0.02%"", ""97"", ""Save""]",,Priscilla Swahn MS RD | Hormone & Thyroid Dietitian,@priscillaswahn.rd,603.7k,0.02%,97,Save,,,,,,
2026-03-26T10:57:04,8,2,Elizabeth Aylor | Hormone & Metabolism Coach,@elizabethaylorfitness,599k,0.18%,0.18,"[""599k"", ""0.18"", ""1.1k""]","[""0.18%""]",Elizabeth Aylor | Hormone & Metabolism Coach | @elizabethaylorfitness | 599k | 0.18% | 1.1k | Save,"[""Elizabeth Aylor | Hormone & Metabolism Coach"", ""@elizabethaylorfitness"", ""599k"", ""0.18%"", ""1.1k"", ""Save""]",,Elizabeth Aylor | Hormone & Metabolism Coach,@elizabethaylorfitness,599k,0.18%,1.1k,Save,,,,,,
2026-03-26T10:57:04,8,3,Brandon Clark,@brandon_c_clark,593.3k,1.46%,1.46,"[""593.3k"", ""1.46"", ""8.7k""]","[""1.46%""]",Brandon Clark | @brandon_c_clark | 593.3k | 1.46% | 8.7k | Save,"[""Brandon Clark"", ""@brandon_c_clark"", ""593.3k"", ""1.46%"", ""8.7k"", ""Save""]",,Brandon Clark,@brandon_c_clark,593.3k,1.46%,8.7k,Save,,,,,,
2026-03-26T10:57:04,8,4,Holistic Health & Wellness,@holistichealths,590.8k,0.54%,0.54,"[""590.8k"", ""0.54"", ""3.2k""]","[""0.54%""]",Holistic Health & Wellness | @holistichealths | 590.8k | 0.54% | 3.2k | Save,"[""Holistic Health & Wellness"", ""@holistichealths"", ""590.8k"", ""0.54%"", ""3.2k"", ""Save""]",,Holistic Health & Wellness,@holistichealths,590.8k,0.54%,3.2k,Save,,,,,,
2026-03-26T10:57:04,8,5,Troy Casey CHN,@certifiedhealthnut,590.1k,0.09%,0.09,"[""590.1k"", ""0.09"", ""534""]","[""0.09%""]",Troy Casey CHN | @certifiedhealthnut | 590.1k | 0.09% | 534 | Save,"[""Troy Casey CHN"", ""@certifiedhealthnut"", ""590.1k"", ""0.09%"", ""534"", ""Save""]",,Troy Casey CHN,@certifiedhealthnut,590.1k,0.09%,534,Save,,,,,,
2026-03-26T10:57:04,8,6,"Danielle McClellan, Dietitian",@danielle_the_dietitian,588.7k,0.07%,0.07,"[""588.7k"", ""0.07"", ""423""]","[""0.07%""]","Danielle McClellan, Dietitian | @danielle_the_dietitian | 588.7k | 0.07% | 423 | Save","[""Danielle McClellan, Dietitian"", ""@danielle_the_dietitian"", ""588.7k"", ""0.07%"", ""423"", ""Save""]",,"Danielle McClellan, Dietitian",@danielle_the_dietitian,588.7k,0.07%,423,Save,,,,,,
2026-03-26T10:57:04,8,7,Bella | Carnivore Diet | Ex-Vegan,@steakandbuttergal,583.3k,1.52%,1.52,"[""583.3k"", ""1.52"", ""8.9k""]","[""1.52%""]",Bella | Carnivore Diet | Ex-Vegan | @steakandbuttergal | 583.3k | 1.52% | 8.9k | Save,"[""Bella | Carnivore Diet | Ex-Vegan"", ""@steakandbuttergal"", ""583.3k"", ""1.52%"", ""8.9k"", ""Save""]",,Bella | Carnivore Diet | Ex-Vegan,@steakandbuttergal,583.3k,1.52%,8.9k,Save,,,,,,
2026-03-26T10:57:04,8,8,"Dr. Lily Choi ☯︎ D. Ac, L. Ac",@lilychoinaturalhealing,577.9k,0.31%,0.31,"[""577.9k"", ""0.31"", ""1.8k""]","[""0.31%""]","Dr. Lily Choi ☯︎ D. Ac, L. Ac | @lilychoinaturalhealing | 577.9k | 0.31% | 1.8k | Save","[""Dr. Lily Choi \u262f\ufe0e D. Ac, L. Ac"", ""@lilychoinaturalhealing"", ""577.9k"", ""0.31%"", ""1.8k"", ""Save""]",,"Dr. Lily Choi ☯︎ D. Ac, L. Ac",@lilychoinaturalhealing,577.9k,0.31%,1.8k,Save,,,,,,
2026-03-26T10:57:04,8,9,Sal,@journeywithsal,576.7k,1.1%,1.1,"[""576.7k"", ""1.1"", ""6.3k""]","[""1.1%""]",Sal | @journeywithsal | 576.7k | 1.1% | 6.3k | Save,"[""Sal"", ""@journeywithsal"", ""576.7k"", ""1.1%"", ""6.3k"", ""Save""]",,Sal,@journeywithsal,576.7k,1.1%,6.3k,Save,,,,,,
2026-03-26T10:57:04,8,10,Ancient Nutrition,@ancientnutrition,570.7k,0.08%,0.08,"[""570.7k"", ""0.08"", ""464""]","[""0.08%""]",Ancient Nutrition | @ancientnutrition | 570.7k | 0.08% | 464 | Save,"[""Ancient Nutrition"", ""@ancientnutrition"", ""570.7k"", ""0.08%"", ""464"", ""Save""]",,Ancient Nutrition,@ancientnutrition,570.7k,0.08%,464,Save,,,,,,
2026-03-26T10:57:04,8,11,Ron Jones | Online Strength Coach,@bigronjones,569.7k,0.03%,0.03,"[""569.7k"", ""0.03"", ""163""]","[""0.03%""]",Ron Jones | Online Strength Coach | @bigronjones | 569.7k | 0.03% | 163 | Save,"[""Ron Jones | Online Strength Coach"", ""@bigronjones"", ""569.7k"", ""0.03%"", ""163"", ""Save""]",,Ron Jones | Online Strength Coach,@bigronjones,569.7k,0.03%,163,Save,,,,,,
2026-03-26T10:57:04,8,12,Anais Zanotti | Plant-Based Metabolic Coach for Women 40+,@anaiszanotti,40,0.24%,564.8k,"[""40"", ""564.8k"", ""0.24"", ""1.4k""]","[""0.24%""]",Anais Zanotti | Plant-Based Metabolic Coach for Women 40+ | @anaiszanotti | 564.8k | 0.24% | 1.4k | Save,"[""Anais Zanotti | Plant-Based Metabolic Coach for Women 40+"", ""@anaiszanotti"", ""564.8k"", ""0.24%"", ""1.4k"", ""Save""]",,Anais Zanotti | Plant-Based Metabolic Coach for Women 40+,@anaiszanotti,564.8k,0.24%,1.4k,Save,,,,,,
2026-03-26T10:57:04,8,13,Ethan Benard,@ethanbenard,564.2k,2.76%,2.76,"[""564.2k"", ""2.76"", ""15.6k""]","[""2.76%""]",Ethan Benard | @ethanbenard | 564.2k | 2.76% | 15.6k | Save,"[""Ethan Benard"", ""@ethanbenard"", ""564.2k"", ""2.76%"", ""15.6k"", ""Save""]",,Ethan Benard,@ethanbenard,564.2k,2.76%,15.6k,Save,,,,,,
2026-03-26T10:57:04,8,14,"Meg Kilcup, PharmD, IHP",@awholehealthlife,561.4k,0.08%,0.08,"[""561.4k"", ""0.08"", ""460""]","[""0.08%""]","Meg Kilcup, PharmD, IHP | @awholehealthlife | 561.4k | 0.08% | 460 | Save","[""Meg Kilcup, PharmD, IHP"", ""@awholehealthlife"", ""561.4k"", ""0.08%"", ""460"", ""Save""]",,"Meg Kilcup, PharmD, IHP",@awholehealthlife,561.4k,0.08%,460,Save,,,,,,
2026-03-26T10:57:04,8,15,Heidi Lane Powell,@realheidipowell,555.2k,0.21%,0.21,"[""555.2k"", ""0.21"", ""1.2k""]","[""0.21%""]",Heidi Lane Powell | @realheidipowell | 555.2k | 0.21% | 1.2k | Save,"[""Heidi Lane Powell"", ""@realheidipowell"", ""555.2k"", ""0.21%"", ""1.2k"", ""Save""]",,Heidi Lane Powell,@realheidipowell,555.2k,0.21%,1.2k,Save,,,,,,
2026-03-26T10:57:39,9,1,Chynthia Bromley | The Farmacy,@thefarmacyreal,552.9k,0.66%,0.66,"[""552.9k"", ""0.66"", ""3.7k""]","[""0.66%""]",Chynthia Bromley | The Farmacy | @thefarmacyreal | 552.9k | 0.66% | 3.7k | Save,"[""Chynthia Bromley | The Farmacy"", ""@thefarmacyreal"", ""552.9k"", ""0.66%"", ""3.7k"", ""Save""]",,Chynthia Bromley | The Farmacy,@thefarmacyreal,552.9k,0.66%,3.7k,Save,,,,,,
2026-03-26T10:57:39,9,2,"Jess Bippen, MS, RD",@nourishedbynutrition,552.3k,0.16%,0.16,"[""552.3k"", ""0.16"", ""891""]","[""0.16%""]","Jess Bippen, MS, RD | @nourishedbynutrition | 552.3k | 0.16% | 891 | Save","[""Jess Bippen, MS, RD"", ""@nourishedbynutrition"", ""552.3k"", ""0.16%"", ""891"", ""Save""]",,"Jess Bippen, MS, RD",@nourishedbynutrition,552.3k,0.16%,891,Save,,,,,,
2026-03-26T10:57:39,9,3,Rochelle T. Parks,@rochelletparks,552.2k,0.14%,0.14,"[""552.2k"", ""0.14"", ""758""]","[""0.14%""]",Rochelle T. Parks | @rochelletparks | 552.2k | 0.14% | 758 | Save,"[""Rochelle T. Parks"", ""@rochelletparks"", ""552.2k"", ""0.14%"", ""758"", ""Save""]",,Rochelle T. Parks,@rochelletparks,552.2k,0.14%,758,Save,,,,,,
2026-03-26T10:57:39,9,4,Dr. Blake Livingood,@drlivingood,551.1k,0.29%,0.29,"[""551.1k"", ""0.29"", ""1.6k""]","[""0.29%""]",Dr. Blake Livingood | @drlivingood | 551.1k | 0.29% | 1.6k | Save,"[""Dr. Blake Livingood"", ""@drlivingood"", ""551.1k"", ""0.29%"", ""1.6k"", ""Save""]",,Dr. Blake Livingood,@drlivingood,551.1k,0.29%,1.6k,Save,,,,,,
2026-03-26T10:57:39,9,5,"Fitness, Nutrition & Health Tips",@fitnesstipsdaily,551k,0.21%,0.21,"[""551k"", ""0.21"", ""1.1k""]","[""0.21%""]","Fitness, Nutrition & Health Tips | @fitnesstipsdaily | 551k | 0.21% | 1.1k | Save","[""Fitness, Nutrition & Health Tips"", ""@fitnesstipsdaily"", ""551k"", ""0.21%"", ""1.1k"", ""Save""]",,"Fitness, Nutrition & Health Tips",@fitnesstipsdaily,551k,0.21%,1.1k,Save,,,,,,
2026-03-26T10:57:39,9,6,Health | Neuroscience | Science,@theneurofactory,547.1k,1.74%,1.74,"[""547.1k"", ""1.74"", ""9.5k""]","[""1.74%""]",Health | Neuroscience | Science | @theneurofactory | 547.1k | 1.74% | 9.5k | Save,"[""Health | Neuroscience | Science"", ""@theneurofactory"", ""547.1k"", ""1.74%"", ""9.5k"", ""Save""]",,Health | Neuroscience | Science,@theneurofactory,547.1k,1.74%,9.5k,Save,,,,,,
2026-03-26T10:57:39,9,7,Melissa Riley | Certified Health + Nutrition Coach,@thebalanceroutine,543.9k,0.6%,0.6,"[""543.9k"", ""0.6"", ""3.3k""]","[""0.6%""]",Melissa Riley | Certified Health + Nutrition Coach | @thebalanceroutine | 543.9k | 0.6% | 3.3k | Save,"[""Melissa Riley | Certified Health + Nutrition Coach"", ""@thebalanceroutine"", ""543.9k"", ""0.6%"", ""3.3k"", ""Save""]",,Melissa Riley | Certified Health + Nutrition Coach,@thebalanceroutine,543.9k,0.6%,3.3k,Save,,,,,,
2026-03-26T10:57:39,9,8,"Leigh Erin Connealy, M.D.",@connealymd,532.9k,0.37%,0.37,"[""532.9k"", ""0.37"", ""1.9k""]","[""0.37%""]","Leigh Erin Connealy, M.D. | @connealymd | 532.9k | 0.37% | 1.9k | Save","[""Leigh Erin Connealy, M.D."", ""@connealymd"", ""532.9k"", ""0.37%"", ""1.9k"", ""Save""]",,"Leigh Erin Connealy, M.D.",@connealymd,532.9k,0.37%,1.9k,Save,,,,,,
2026-03-26T10:57:39,9,9,Ryan Carter | Nutritionist 🌞💧🧲,@livevitae,531.8k,0.07%,0.07,"[""531.8k"", ""0.07"", ""377""]","[""0.07%""]",Ryan Carter | Nutritionist 🌞💧🧲 | @livevitae | 531.8k | 0.07% | 377 | Save,"[""Ryan Carter | Nutritionist \ud83c\udf1e\ud83d\udca7\ud83e\uddf2"", ""@livevitae"", ""531.8k"", ""0.07%"", ""377"", ""Save""]",,Ryan Carter | Nutritionist 🌞💧🧲,@livevitae,531.8k,0.07%,377,Save,,,,,,
2026-03-26T10:57:39,9,10,Living Springs Retreat,@living_springs_retreat,530.4k,0.01%,0.01,"[""530.4k"", ""0.01"", ""68""]","[""0.01%""]",Living Springs Retreat | @living_springs_retreat | 530.4k | 0.01% | 68 | Save,"[""Living Springs Retreat"", ""@living_springs_retreat"", ""530.4k"", ""0.01%"", ""68"", ""Save""]",,Living Springs Retreat,@living_springs_retreat,530.4k,0.01%,68,Save,,,,,,
2026-03-26T10:57:39,9,11,Dr. Joseph Mercola,@drmercola,529.8k,0.01%,0.01,"[""529.8k"", ""0.01"", ""78""]","[""0.01%""]",Dr. Joseph Mercola | @drmercola | 529.8k | 0.01% | 78 | Save,"[""Dr. Joseph Mercola"", ""@drmercola"", ""529.8k"", ""0.01%"", ""78"", ""Save""]",,Dr. Joseph Mercola,@drmercola,529.8k,0.01%,78,Save,,,,,,
2026-03-26T10:57:39,9,12,Greater Wellness and Wellbeing,@lijiwellness,529.1k,0.05%,0.05,"[""529.1k"", ""0.05"", ""271""]","[""0.05%""]",Greater Wellness and Wellbeing | @lijiwellness | 529.1k | 0.05% | 271 | Save,"[""Greater Wellness and Wellbeing"", ""@lijiwellness"", ""529.1k"", ""0.05%"", ""271"", ""Save""]",,Greater Wellness and Wellbeing,@lijiwellness,529.1k,0.05%,271,Save,,,,,,
2026-03-26T10:57:39,9,13,Bradley Campbell,@drbradleycampbell,527.6k,0.27%,0.27,"[""527.6k"", ""0.27"", ""1.4k""]","[""0.27%""]",Bradley Campbell | @drbradleycampbell | 527.6k | 0.27% | 1.4k | Save,"[""Bradley Campbell"", ""@drbradleycampbell"", ""527.6k"", ""0.27%"", ""1.4k"", ""Save""]",,Bradley Campbell,@drbradleycampbell,527.6k,0.27%,1.4k,Save,,,,,,
2026-03-26T10:57:39,9,14,Heather Gordon | Project Goods,@heathergordonmedia,525.4k,0.21%,0.21,"[""525.4k"", ""0.21"", ""1.1k""]","[""0.21%""]",Heather Gordon | Project Goods | @heathergordonmedia | 525.4k | 0.21% | 1.1k | Save,"[""Heather Gordon | Project Goods"", ""@heathergordonmedia"", ""525.4k"", ""0.21%"", ""1.1k"", ""Save""]",,Heather Gordon | Project Goods,@heathergordonmedia,525.4k,0.21%,1.1k,Save,,,,,,
2026-03-26T10:57:39,9,15,Men Health Secrets,@men_healthsecrets,519.1k,0.17%,0.17,"[""519.1k"", ""0.17"", ""867""]","[""0.17%""]",Men Health Secrets | @men_healthsecrets | 519.1k | 0.17% | 867 | Save,"[""Men Health Secrets"", ""@men_healthsecrets"", ""519.1k"", ""0.17%"", ""867"", ""Save""]",,Men Health Secrets,@men_healthsecrets,519.1k,0.17%,867,Save,,,,,,
2026-03-26T10:58:14,10,1,Dr. Suzi Schulman,@dr.suzischulman,516.2k,0.16%,0.16,"[""516.2k"", ""0.16"", ""830""]","[""0.16%""]",Dr. Suzi Schulman | @dr.suzischulman | 516.2k | 0.16% | 830 | Save,"[""Dr. Suzi Schulman"", ""@dr.suzischulman"", ""516.2k"", ""0.16%"", ""830"", ""Save""]",,Dr. Suzi Schulman,@dr.suzischulman,516.2k,0.16%,830,Save,,,,,,
2026-03-26T10:58:14,10,2,Heart & Soil,@heartandsoilsupplements,515.6k,0.23%,0.23,"[""515.6k"", ""0.23"", ""1.2k""]","[""0.23%""]",Heart & Soil | @heartandsoilsupplements | 515.6k | 0.23% | 1.2k | Save,"[""Heart & Soil"", ""@heartandsoilsupplements"", ""515.6k"", ""0.23%"", ""1.2k"", ""Save""]",,Heart & Soil,@heartandsoilsupplements,515.6k,0.23%,1.2k,Save,,,,,,
2026-03-26T10:58:14,10,3,Chris Wark,@chrisbeatcancer,509.7k,0.32%,0.32,"[""509.7k"", ""0.32"", ""1.6k""]","[""0.32%""]",Chris Wark | @chrisbeatcancer | 509.7k | 0.32% | 1.6k | Save,"[""Chris Wark"", ""@chrisbeatcancer"", ""509.7k"", ""0.32%"", ""1.6k"", ""Save""]",,Chris Wark,@chrisbeatcancer,509.7k,0.32%,1.6k,Save,,,,,,
2026-03-26T10:58:14,10,4,MANIFESTABLE GLOW UP,@manifestableglowup,506.5k,,,"[""506.5k""]",[],MANIFESTABLE GLOW UP | @manifestableglowup | 506.5k | Likes are hidden | Likes are hidden | Save,"[""MANIFESTABLE GLOW UP"", ""@manifestableglowup"", ""506.5k"", ""Likes are hidden"", ""Likes are hidden"", ""Save""]","er_missing,engagement_missing",MANIFESTABLE GLOW UP,@manifestableglowup,506.5k,Likes are hidden,Likes are hidden,Save,,,,,,
2026-03-26T10:58:14,10,5,Natalia Naila | Health Coach and Longevity Biohacker,@natalianaila,504.8k,0.91%,0.91,"[""504.8k"", ""0.91"", ""4.6k""]","[""0.91%""]",Natalia Naila | Health Coach and Longevity Biohacker | @natalianaila | 504.8k | 0.91% | 4.6k | Save,"[""Natalia Naila | Health Coach and Longevity Biohacker"", ""@natalianaila"", ""504.8k"", ""0.91%"", ""4.6k"", ""Save""]",,Natalia Naila | Health Coach and Longevity Biohacker,@natalianaila,504.8k,0.91%,4.6k,Save,,,,,,
2026-03-26T10:58:14,10,6,Beth Wilkas Feraco,@bethferacofitness,502.1k,0.37%,0.37,"[""502.1k"", ""0.37"", ""1.9k""]","[""0.37%""]",Beth Wilkas Feraco | @bethferacofitness | 502.1k | 0.37% | 1.9k | Save,"[""Beth Wilkas Feraco"", ""@bethferacofitness"", ""502.1k"", ""0.37%"", ""1.9k"", ""Save""]",,Beth Wilkas Feraco,@bethferacofitness,502.1k,0.37%,1.9k,Save,,,,,,
2026-03-26T10:58:14,10,7,"Chris DeHollander, Midlife Health Coach",@functionalhealthcoachchris2.0,0,0.05%,499.3k,"[""0"", ""499.3k"", ""0.05"", ""251""]","[""0.05%""]","Chris DeHollander, Midlife Health Coach | @functionalhealthcoachchris2.0 | 499.3k | 0.05% | 251 | Save","[""Chris DeHollander, Midlife Health Coach"", ""@functionalhealthcoachchris2.0"", ""499.3k"", ""0.05%"", ""251"", ""Save""]",,"Chris DeHollander, Midlife Health Coach",@functionalhealthcoachchris2.0,499.3k,0.05%,251,Save,,,,,,
2026-03-26T10:58:14,10,8,Cohnan Kotarski,@cohnankotarski,499.3k,0.04%,0.04,"[""499.3k"", ""0.04"", ""177""]","[""0.04%""]",Cohnan Kotarski | @cohnankotarski | 499.3k | 0.04% | 177 | Save,"[""Cohnan Kotarski"", ""@cohnankotarski"", ""499.3k"", ""0.04%"", ""177"", ""Save""]",,Cohnan Kotarski,@cohnankotarski,499.3k,0.04%,177,Save,,,,,,
2026-03-26T10:58:14,10,9,Longevity ┃Healthspan,@extend_podcast,496.7k,0.01%,0.01,"[""496.7k"", ""0.01"", ""41""]","[""0.01%""]",Longevity ┃Healthspan | @extend_podcast | 496.7k | 0.01% | 41 | Save,"[""Longevity \u2503Healthspan"", ""@extend_podcast"", ""496.7k"", ""0.01%"", ""41"", ""Save""]",,Longevity ┃Healthspan,@extend_podcast,496.7k,0.01%,41,Save,,,,,,
2026-03-26T10:58:14,10,10,🏡 Home Remedies | Health Tips,@natural.nutritions,489k,0.09%,0.09,"[""489k"", ""0.09"", ""417""]","[""0.09%""]",🏡 Home Remedies | Health Tips | @natural.nutritions | 489k | 0.09% | 417 | Save,"[""\ud83c\udfe1 Home Remedies | Health Tips"", ""@natural.nutritions"", ""489k"", ""0.09%"", ""417"", ""Save""]",,🏡 Home Remedies | Health Tips,@natural.nutritions,489k,0.09%,417,Save,,,,,,
2026-03-26T10:58:14,10,11,Tobias Richter,@tobiasrichter_,485.6k,0.51%,0.51,"[""485.6k"", ""0.51"", ""2.5k""]","[""0.51%""]",Tobias Richter | @tobiasrichter_ | 485.6k | 0.51% | 2.5k | Save,"[""Tobias Richter"", ""@tobiasrichter_"", ""485.6k"", ""0.51%"", ""2.5k"", ""Save""]",,Tobias Richter,@tobiasrichter_,485.6k,0.51%,2.5k,Save,,,,,,
2026-03-26T10:58:14,10,12,"Clay Moss, M.D.",@drclaymoss,483.7k,0.22%,0.22,"[""483.7k"", ""0.22"", ""1.1k""]","[""0.22%""]","Clay Moss, M.D. | @drclaymoss | 483.7k | 0.22% | 1.1k | Save","[""Clay Moss, M.D."", ""@drclaymoss"", ""483.7k"", ""0.22%"", ""1.1k"", ""Save""]",,"Clay Moss, M.D.",@drclaymoss,483.7k,0.22%,1.1k,Save,,,,,,
2026-03-26T10:58:14,10,13,Zoe Leon,@yoga.burn,479.6k,0.01%,0.01,"[""479.6k"", ""0.01"", ""36""]","[""0.01%""]",Zoe Leon | @yoga.burn | 479.6k | 0.01% | 36 | Save,"[""Zoe Leon"", ""@yoga.burn"", ""479.6k"", ""0.01%"", ""36"", ""Save""]",,Zoe Leon,@yoga.burn,479.6k,0.01%,36,Save,,,,,,
2026-03-26T10:58:14,10,14,Rebecca Faria,@detoxbyrebecca,473.9k,1.29%,1.29,"[""473.9k"", ""1.29"", ""6.1k""]","[""1.29%""]",Rebecca Faria | @detoxbyrebecca | 473.9k | 1.29% | 6.1k | Save,"[""Rebecca Faria"", ""@detoxbyrebecca"", ""473.9k"", ""1.29%"", ""6.1k"", ""Save""]",,Rebecca Faria,@detoxbyrebecca,473.9k,1.29%,6.1k,Save,,,,,,
2026-03-26T10:58:14,10,15,Jules | Scientist (MS) | Data Science | Neuroscience-Trained,@brainbodybyjules,471.8k,0.48%,0.48,"[""471.8k"", ""0.48"", ""2.3k""]","[""0.48%""]",Jules | Scientist (MS) | Data Science | Neuroscience-Trained | @brainbodybyjules | 471.8k | 0.48% | 2.3k | Save,"[""Jules | Scientist (MS) | Data Science | Neuroscience-Trained"", ""@brainbodybyjules"", ""471.8k"", ""0.48%"", ""2.3k"", ""Save""]",,Jules | Scientist (MS) | Data Science | Neuroscience-Trained,@brainbodybyjules,471.8k,0.48%,2.3k,Save,,,,,,
2026-03-26T10:58:48,11,1,Magnolia Pharmacy,@magnoliapharmacy,470.1k,0.05%,0.05,"[""470.1k"", ""0.05"", ""243""]","[""0.05%""]",Magnolia Pharmacy | @magnoliapharmacy | 470.1k | 0.05% | 243 | Save,"[""Magnolia Pharmacy"", ""@magnoliapharmacy"", ""470.1k"", ""0.05%"", ""243"", ""Save""]",,Magnolia Pharmacy,@magnoliapharmacy,470.1k,0.05%,243,Save,,,,,,
2026-03-26T10:58:48,11,2,Dr. Thaïs Aliabadi,@drthaisaliabadi,468.3k,1.29%,1.29,"[""468.3k"", ""1.29"", ""6.1k""]","[""1.29%""]",Dr. Thaïs Aliabadi | @drthaisaliabadi | 468.3k | 1.29% | 6.1k | Save,"[""Dr. Thai\u0308s Aliabadi"", ""@drthaisaliabadi"", ""468.3k"", ""1.29%"", ""6.1k"", ""Save""]",,Dr. Thaïs Aliabadi,@drthaisaliabadi,468.3k,1.29%,6.1k,Save,,,,,,
2026-03-26T10:58:48,11,3,victoria,@victoria__benitez,467.7k,0.67%,0.67,"[""467.7k"", ""0.67"", ""3.1k""]","[""0.67%""]",victoria | @victoria__benitez | 467.7k | 0.67% | 3.1k | Save,"[""victoria"", ""@victoria__benitez"", ""467.7k"", ""0.67%"", ""3.1k"", ""Save""]",,victoria,@victoria__benitez,467.7k,0.67%,3.1k,Save,,,,,,
2026-03-26T10:58:48,11,4,Sakara Life,@sakaralife,466.1k,0.07%,0.07,"[""466.1k"", ""0.07"", ""336""]","[""0.07%""]",Sakara Life | @sakaralife | 466.1k | 0.07% | 336 | Save,"[""Sakara Life"", ""@sakaralife"", ""466.1k"", ""0.07%"", ""336"", ""Save""]",,Sakara Life,@sakaralife,466.1k,0.07%,336,Save,,,,,,
2026-03-26T10:58:48,11,5,Shawn Stevenson,@shawnmodel,463.4k,0.24%,0.24,"[""463.4k"", ""0.24"", ""1.1k""]","[""0.24%""]",Shawn Stevenson | @shawnmodel | 463.4k | 0.24% | 1.1k | Save,"[""Shawn Stevenson"", ""@shawnmodel"", ""463.4k"", ""0.24%"", ""1.1k"", ""Save""]",,Shawn Stevenson,@shawnmodel,463.4k,0.24%,1.1k,Save,,,,,,
2026-03-26T10:58:48,11,6,Dr. Patrick Flynn DC,@drpatrickflynn,462.8k,0.08%,0.08,"[""462.8k"", ""0.08"", ""381""]","[""0.08%""]",Dr. Patrick Flynn DC | @drpatrickflynn | 462.8k | 0.08% | 381 | Save,"[""Dr. Patrick Flynn DC"", ""@drpatrickflynn"", ""462.8k"", ""0.08%"", ""381"", ""Save""]",,Dr. Patrick Flynn DC,@drpatrickflynn,462.8k,0.08%,381,Save,,,,,,
2026-03-26T10:58:48,11,7,Josh Goldy | Women’s Fat Loss Expert,@_josh.goldy_,459.3k,0.23%,0.23,"[""459.3k"", ""0.23"", ""1.1k""]","[""0.23%""]",Josh Goldy | Women’s Fat Loss Expert | @_josh.goldy_ | 459.3k | 0.23% | 1.1k | Save,"[""Josh Goldy | Women\u2019s Fat Loss Expert"", ""@_josh.goldy_"", ""459.3k"", ""0.23%"", ""1.1k"", ""Save""]",,Josh Goldy | Women’s Fat Loss Expert,@_josh.goldy_,459.3k,0.23%,1.1k,Save,,,,,,
2026-03-26T10:58:48,11,8,Health Tips🥰,@healthyolifetoday,457.1k,0.01%,0.01,"[""457.1k"", ""0.01"", ""64""]","[""0.01%""]",Health Tips🥰 | @healthyolifetoday | 457.1k | 0.01% | 64 | Save,"[""Health Tips\ud83e\udd70"", ""@healthyolifetoday"", ""457.1k"", ""0.01%"", ""64"", ""Save""]",,Health Tips🥰,@healthyolifetoday,457.1k,0.01%,64,Save,,,,,,
2026-03-26T10:58:48,11,9,Ben Greenfield,@bengreenfieldfitness,455.4k,0.02%,0.02,"[""455.4k"", ""0.02"", ""83""]","[""0.02%""]",Ben Greenfield | @bengreenfieldfitness | 455.4k | 0.02% | 83 | Save,"[""Ben Greenfield"", ""@bengreenfieldfitness"", ""455.4k"", ""0.02%"", ""83"", ""Save""]",,Ben Greenfield,@bengreenfieldfitness,455.4k,0.02%,83,Save,,,,,,
2026-03-26T10:58:48,11,10,Dr. Spencer Nadolsky,@drnadolsky,452.3k,0.35%,0.35,"[""452.3k"", ""0.35"", ""1.6k""]","[""0.35%""]",Dr. Spencer Nadolsky | @drnadolsky | 452.3k | 0.35% | 1.6k | Save,"[""Dr. Spencer Nadolsky"", ""@drnadolsky"", ""452.3k"", ""0.35%"", ""1.6k"", ""Save""]",,Dr. Spencer Nadolsky,@drnadolsky,452.3k,0.35%,1.6k,Save,,,,,,
2026-03-26T10:58:48,11,11,Meredith Hutson | Online Health Coach,@getfitwithmer_,450k,0.58%,0.58,"[""450k"", ""0.58"", ""2.6k""]","[""0.58%""]",Meredith Hutson | Online Health Coach | @getfitwithmer_ | 450k | 0.58% | 2.6k | Save,"[""Meredith Hutson | Online Health Coach"", ""@getfitwithmer_"", ""450k"", ""0.58%"", ""2.6k"", ""Save""]",,Meredith Hutson | Online Health Coach,@getfitwithmer_,450k,0.58%,2.6k,Save,,,,,,
2026-03-26T10:58:48,11,12,Bianca,@biancadata,446.7k,0.5%,0.5,"[""446.7k"", ""0.5"", ""2.2k""]","[""0.5%""]",Bianca | @biancadata | 446.7k | 0.5% | 2.2k | Save,"[""Bianca"", ""@biancadata"", ""446.7k"", ""0.5%"", ""2.2k"", ""Save""]",,Bianca,@biancadata,446.7k,0.5%,2.2k,Save,,,,,,
2026-03-26T10:58:48,11,13,GetFIT App - Best Fat Loss & Nutrition App | Joingetfitapp.com,@joingetfitapp_com,446.1k,,,"[""446.1k""]",[],GetFIT App - Best Fat Loss & Nutrition App | Joingetfitapp.com | @joingetfitapp_com | 446.1k | Likes are hidden | Likes are hidden | Save,"[""GetFIT App - Best Fat Loss & Nutrition App | Joingetfitapp.com"", ""@joingetfitapp_com"", ""446.1k"", ""Likes are hidden"", ""Likes are hidden"", ""Save""]","er_missing,engagement_missing",GetFIT App - Best Fat Loss & Nutrition App | Joingetfitapp.com,@joingetfitapp_com,446.1k,Likes are hidden,Likes are hidden,Save,,,,,,
2026-03-26T10:58:48,11,14,Dr. Jessica Peatross MD,@dr.jess.md,442.8k,0.4%,0.4,"[""442.8k"", ""0.4"", ""1.8k""]","[""0.4%""]",Dr. Jessica Peatross MD | @dr.jess.md | 442.8k | 0.4% | 1.8k | Save,"[""Dr. Jessica Peatross MD"", ""@dr.jess.md"", ""442.8k"", ""0.4%"", ""1.8k"", ""Save""]",,Dr. Jessica Peatross MD,@dr.jess.md,442.8k,0.4%,1.8k,Save,,,,,,
2026-03-26T10:58:48,11,15,"Cynthia Thurlow, Nurse Practitioner",@cynthia_thurlow_,441.1k,0.94%,0.94,"[""441.1k"", ""0.94"", ""4.1k""]","[""0.94%""]","Cynthia Thurlow, Nurse Practitioner | @cynthia_thurlow_ | 441.1k | 0.94% | 4.1k | Save","[""Cynthia Thurlow, Nurse Practitioner"", ""@cynthia_thurlow_"", ""441.1k"", ""0.94%"", ""4.1k"", ""Save""]",,"Cynthia Thurlow, Nurse Practitioner",@cynthia_thurlow_,441.1k,0.94%,4.1k,Save,,,,,,
2026-03-26T10:59:19,12,1,Ritual,@ritual,440.6k,0.09%,0.09,"[""440.6k"", ""0.09"", ""386""]","[""0.09%""]",Ritual | @ritual | 440.6k | 0.09% | 386 | Save,"[""Ritual"", ""@ritual"", ""440.6k"", ""0.09%"", ""386"", ""Save""]",,Ritual,@ritual,440.6k,0.09%,386,Save,,,,,,
2026-03-26T10:59:19,12,2,Shelby Watts,@thefiberteacher,440.1k,0.06%,0.06,"[""440.1k"", ""0.06"", ""263""]","[""0.06%""]",Shelby Watts | @thefiberteacher | 440.1k | 0.06% | 263 | Save,"[""Shelby Watts"", ""@thefiberteacher"", ""440.1k"", ""0.06%"", ""263"", ""Save""]",,Shelby Watts,@thefiberteacher,440.1k,0.06%,263,Save,,,,,,
2026-03-26T10:59:19,12,3,Dr. Jack Wolfson / Cardiologist Natural Heart Doctor,@natural_heart_doctor,440k,0.13%,0.13,"[""440k"", ""0.13"", ""575""]","[""0.13%""]",Dr. Jack Wolfson / Cardiologist Natural Heart Doctor | @natural_heart_doctor | 440k | 0.13% | 575 | Save,"[""Dr. Jack Wolfson / Cardiologist Natural Heart Doctor"", ""@natural_heart_doctor"", ""440k"", ""0.13%"", ""575"", ""Save""]",,Dr. Jack Wolfson / Cardiologist Natural Heart Doctor,@natural_heart_doctor,440k,0.13%,575,Save,,,,,,
2026-03-26T10:59:19,12,4,Sara Szal M.D.,@saragottfriedmd,439.9k,0.09%,0.09,"[""439.9k"", ""0.09"", ""402""]","[""0.09%""]",Sara Szal M.D. | @saragottfriedmd | 439.9k | 0.09% | 402 | Save,"[""Sara Szal M.D."", ""@saragottfriedmd"", ""439.9k"", ""0.09%"", ""402"", ""Save""]",,Sara Szal M.D.,@saragottfriedmd,439.9k,0.09%,402,Save,,,,,,
2026-03-26T10:59:19,12,5,SERENA POON,@chefserenapoon,437.9k,1.54%,1.54,"[""437.9k"", ""1.54"", ""6.7k""]","[""1.54%""]",SERENA POON | @chefserenapoon | 437.9k | 1.54% | 6.7k | Save,"[""SERENA POON"", ""@chefserenapoon"", ""437.9k"", ""1.54%"", ""6.7k"", ""Save""]",,SERENA POON,@chefserenapoon,437.9k,1.54%,6.7k,Save,,,,,,
2026-03-26T10:59:19,12,6,𝗞𝗔𝗬𝗟𝗘𝗘 𝗠𝗔𝗥𝗜𝗘Ｉ𝑹𝒐𝒐𝒕 𝑪𝒂𝒖𝒔𝒆 𝑷𝒓𝒂𝒄𝒕𝒊𝒕𝒊𝒐𝒏𝒆𝒓,@mommavspharma,435.8k,0.25%,0.25,"[""435.8k"", ""0.25"", ""1.1k""]","[""0.25%""]",𝗞𝗔𝗬𝗟𝗘𝗘 𝗠𝗔𝗥𝗜𝗘Ｉ𝑹𝒐𝒐𝒕 𝑪𝒂𝒖𝒔𝒆 𝑷𝒓𝒂𝒄𝒕𝒊𝒕𝒊𝒐𝒏𝒆𝒓 | @mommavspharma | 435.8k | 0.25% | 1.1k | Save,"[""\ud835\uddde\ud835\uddd4\ud835\uddec\ud835\udddf\ud835\uddd8\ud835\uddd8 \ud835\udde0\ud835\uddd4\ud835\udde5\ud835\udddc\ud835\uddd8\uff29\ud835\udc79\ud835\udc90\ud835\udc90\ud835\udc95 \ud835\udc6a\ud835\udc82\ud835\udc96\ud835\udc94\ud835\udc86 \ud835\udc77\ud835\udc93\ud835\udc82\ud835\udc84\ud835\udc95\ud835\udc8a\ud835\udc95\ud835\udc8a\ud835\udc90\ud835\udc8f\ud835\udc86\ud835\udc93"", ""@mommavspharma"", ""435.8k"", ""0.25%"", ""1.1k"", ""Save""]",,𝗞𝗔𝗬𝗟𝗘𝗘 𝗠𝗔𝗥𝗜𝗘Ｉ𝑹𝒐𝒐𝒕 𝑪𝒂𝒖𝒔𝒆 𝑷𝒓𝒂𝒄𝒕𝒊𝒕𝒊𝒐𝒏𝒆𝒓,@mommavspharma,435.8k,0.25%,1.1k,Save,,,,,,
2026-03-26T10:59:19,12,7,Leah Levitan | Lymph Literacy Advocate,@lymphloveclub,431.3k,0.38%,0.38,"[""431.3k"", ""0.38"", ""1.7k""]","[""0.38%""]",Leah Levitan | Lymph Literacy Advocate | @lymphloveclub | 431.3k | 0.38% | 1.7k | Save,"[""Leah Levitan | Lymph Literacy Advocate"", ""@lymphloveclub"", ""431.3k"", ""0.38%"", ""1.7k"", ""Save""]",,Leah Levitan | Lymph Literacy Advocate,@lymphloveclub,431.3k,0.38%,1.7k,Save,,,,,,
2026-03-26T10:59:19,12,8,Cristina Sciavolino-Day MD | Health + Weight Loss,@seizethedaywithdrday,429k,0.17%,0.17,"[""429k"", ""0.17"", ""721""]","[""0.17%""]",Cristina Sciavolino-Day MD | Health + Weight Loss | @seizethedaywithdrday | 429k | 0.17% | 721 | Save,"[""Cristina Sciavolino-Day MD | Health + Weight Loss"", ""@seizethedaywithdrday"", ""429k"", ""0.17%"", ""721"", ""Save""]",,Cristina Sciavolino-Day MD | Health + Weight Loss,@seizethedaywithdrday,429k,0.17%,721,Save,,,,,,
2026-03-26T10:59:19,12,9,"Rocio Salas-Whalen, MD.",@drsalaswhalen,428.9k,0.39%,0.39,"[""428.9k"", ""0.39"", ""1.7k""]","[""0.39%""]","Rocio Salas-Whalen, MD. | @drsalaswhalen | 428.9k | 0.39% | 1.7k | Save","[""Rocio Salas-Whalen, MD."", ""@drsalaswhalen"", ""428.9k"", ""0.39%"", ""1.7k"", ""Save""]",,"Rocio Salas-Whalen, MD.",@drsalaswhalen,428.9k,0.39%,1.7k,Save,,,,,,
2026-03-26T10:59:19,12,10,DON SALADINO,@donsaladino,428.3k,0.06%,0.06,"[""428.3k"", ""0.06"", ""237""]","[""0.06%""]",DON SALADINO | @donsaladino | 428.3k | 0.06% | 237 | Save,"[""DON SALADINO"", ""@donsaladino"", ""428.3k"", ""0.06%"", ""237"", ""Save""]",,DON SALADINO,@donsaladino,428.3k,0.06%,237,Save,,,,,,
2026-03-26T10:59:19,12,11,CultivateElevate,@cultivateelevate,425.4k,0.76%,0.76,"[""425.4k"", ""0.76"", ""3.2k""]","[""0.76%""]",CultivateElevate | @cultivateelevate | 425.4k | 0.76% | 3.2k | Save,"[""CultivateElevate"", ""@cultivateelevate"", ""425.4k"", ""0.76%"", ""3.2k"", ""Save""]",,CultivateElevate,@cultivateelevate,425.4k,0.76%,3.2k,Save,,,,,,
2026-03-26T10:59:19,12,12,Dr. Steven Gundry,@drstevengundry,425.4k,0.04%,0.04,"[""425.4k"", ""0.04"", ""165""]","[""0.04%""]",Dr. Steven Gundry | @drstevengundry | 425.4k | 0.04% | 165 | Save,"[""Dr. Steven Gundry"", ""@drstevengundry"", ""425.4k"", ""0.04%"", ""165"", ""Save""]",,Dr. Steven Gundry,@drstevengundry,425.4k,0.04%,165,Save,,,,,,
2026-03-26T10:59:19,12,13,Veganlifemoss | #1 Seamoss & Herbal Brand,@veganlifemoss,1,0.02%,424.4k,"[""1"", ""424.4k"", ""0.02"", ""96""]","[""0.02%""]",Veganlifemoss | #1 Seamoss & Herbal Brand | @veganlifemoss | 424.4k | 0.02% | 96 | Save,"[""Veganlifemoss | #1 Seamoss & Herbal Brand"", ""@veganlifemoss"", ""424.4k"", ""0.02%"", ""96"", ""Save""]",,Veganlifemoss | #1 Seamoss & Herbal Brand,@veganlifemoss,424.4k,0.02%,96,Save,,,,,,
2026-03-26T10:59:19,12,14,Pappi’s Sea Moss Gels,@pappisseamosscompany,420.7k,0.26%,0.26,"[""420.7k"", ""0.26"", ""1.1k""]","[""0.26%""]",Pappi’s Sea Moss Gels | @pappisseamosscompany | 420.7k | 0.26% | 1.1k | Save,"[""Pappi\u2019s Sea Moss Gels"", ""@pappisseamosscompany"", ""420.7k"", ""0.26%"", ""1.1k"", ""Save""]",,Pappi’s Sea Moss Gels,@pappisseamosscompany,420.7k,0.26%,1.1k,Save,,,,,,
2026-03-26T10:59:19,12,15,Tanaya Henry,@tanayahenry,419.8k,0.36%,0.36,"[""419.8k"", ""0.36"", ""1.5k""]","[""0.36%""]",Tanaya Henry | @tanayahenry | 419.8k | 0.36% | 1.5k | Save,"[""Tanaya Henry"", ""@tanayahenry"", ""419.8k"", ""0.36%"", ""1.5k"", ""Save""]",,Tanaya Henry,@tanayahenry,419.8k,0.36%,1.5k,Save,,,,,,
2026-03-26T10:59:49,13,1,Dr. Christian Gonzalez,@doctor.gonzalez,419.3k,0.07%,0.07,"[""419.3k"", ""0.07"", ""313""]","[""0.07%""]",Dr. Christian Gonzalez | @doctor.gonzalez | 419.3k | 0.07% | 313 | Save,"[""Dr. Christian Gonzalez"", ""@doctor.gonzalez"", ""419.3k"", ""0.07%"", ""313"", ""Save""]",,Dr. Christian Gonzalez,@doctor.gonzalez,419.3k,0.07%,313,Save,,,,,,
2026-03-26T10:59:49,13,2,Christine Marie | Cortisol Coach for Women 40+,@cortisol_coach,40,0.03%,419k,"[""40"", ""419k"", ""0.03"", ""125""]","[""0.03%""]",Christine Marie | Cortisol Coach for Women 40+ | @cortisol_coach | 419k | 0.03% | 125 | Save,"[""Christine Marie | Cortisol Coach for Women 40+"", ""@cortisol_coach"", ""419k"", ""0.03%"", ""125"", ""Save""]",,Christine Marie | Cortisol Coach for Women 40+,@cortisol_coach,419k,0.03%,125,Save,,,,,,
2026-03-26T10:59:49,13,3,Dr. Remina Panjwani | Functional Medicine Physician,@drremina,417.3k,0.3%,0.3,"[""417.3k"", ""0.3"", ""1.3k""]","[""0.3%""]",Dr. Remina Panjwani | Functional Medicine Physician | @drremina | 417.3k | 0.3% | 1.3k | Save,"[""Dr. Remina Panjwani | Functional Medicine Physician"", ""@drremina"", ""417.3k"", ""0.3%"", ""1.3k"", ""Save""]",,Dr. Remina Panjwani | Functional Medicine Physician,@drremina,417.3k,0.3%,1.3k,Save,,,,,,
2026-03-26T10:59:49,13,4,"Courtney Hunt, M.D.",@courtneyhuntmd,416.3k,0.1%,0.1,"[""416.3k"", ""0.1"", ""430""]","[""0.1%""]","Courtney Hunt, M.D. | @courtneyhuntmd | 416.3k | 0.1% | 430 | Save","[""Courtney Hunt, M.D."", ""@courtneyhuntmd"", ""416.3k"", ""0.1%"", ""430"", ""Save""]",,"Courtney Hunt, M.D.",@courtneyhuntmd,416.3k,0.1%,430,Save,,,,,,
2026-03-26T10:59:49,13,5,Ana Maria Temple MD | Holistic Pediatrician,@dranamariatemple,414.5k,0.12%,0.12,"[""414.5k"", ""0.12"", ""496""]","[""0.12%""]",Ana Maria Temple MD | Holistic Pediatrician | @dranamariatemple | 414.5k | 0.12% | 496 | Save,"[""Ana Maria Temple MD | Holistic Pediatrician"", ""@dranamariatemple"", ""414.5k"", ""0.12%"", ""496"", ""Save""]",,Ana Maria Temple MD | Holistic Pediatrician,@dranamariatemple,414.5k,0.12%,496,Save,,,,,,
2026-03-26T10:59:49,13,6,Emily Ogan | Top FASTer Way Coach,@livefitwithem,414.2k,0.03%,0.03,"[""414.2k"", ""0.03"", ""125""]","[""0.03%""]",Emily Ogan | Top FASTer Way Coach | @livefitwithem | 414.2k | 0.03% | 125 | Save,"[""Emily Ogan | Top FASTer Way Coach"", ""@livefitwithem"", ""414.2k"", ""0.03%"", ""125"", ""Save""]",,Emily Ogan | Top FASTer Way Coach,@livefitwithem,414.2k,0.03%,125,Save,,,,,,
2026-03-26T10:59:49,13,7,NATURAL HEALING LAB,@naturalhealinglab,412.6k,,,"[""412.6k""]",[],NATURAL HEALING LAB | @naturalhealinglab | 412.6k | Likes are hidden | Likes are hidden | Save,"[""NATURAL HEALING LAB"", ""@naturalhealinglab"", ""412.6k"", ""Likes are hidden"", ""Likes are hidden"", ""Save""]","er_missing,engagement_missing",NATURAL HEALING LAB,@naturalhealinglab,412.6k,Likes are hidden,Likes are hidden,Save,,,,,,
2026-03-26T10:59:49,13,8,Kim Rogers Worm Queen🪱👸🏼,@mrsrogers.hood,407k,0.09%,0.09,"[""407k"", ""0.09"", ""365""]","[""0.09%""]",Kim Rogers Worm Queen🪱👸🏼 | @mrsrogers.hood | 407k | 0.09% | 365 | Save,"[""Kim Rogers Worm Queen\ud83e\udeb1\ud83d\udc78\ud83c\udffc"", ""@mrsrogers.hood"", ""407k"", ""0.09%"", ""365"", ""Save""]",,Kim Rogers Worm Queen🪱👸🏼,@mrsrogers.hood,407k,0.09%,365,Save,,,,,,
2026-03-26T10:59:49,13,9,Alissa,@alissamarie.wellness,405.7k,0.16%,0.16,"[""405.7k"", ""0.16"", ""651""]","[""0.16%""]",Alissa | @alissamarie.wellness | 405.7k | 0.16% | 651 | Save,"[""Alissa"", ""@alissamarie.wellness"", ""405.7k"", ""0.16%"", ""651"", ""Save""]",,Alissa,@alissamarie.wellness,405.7k,0.16%,651,Save,,,,,,
2026-03-26T10:59:49,13,10,Coach Dre | Women’s Fat Loss Expert,@coachdrefit,405.5k,0.09%,0.09,"[""405.5k"", ""0.09"", ""357""]","[""0.09%""]",Coach Dre | Women’s Fat Loss Expert | @coachdrefit | 405.5k | 0.09% | 357 | Save,"[""Coach Dre | Women\u2019s Fat Loss Expert"", ""@coachdrefit"", ""405.5k"", ""0.09%"", ""357"", ""Save""]",,Coach Dre | Women’s Fat Loss Expert,@coachdrefit,405.5k,0.09%,357,Save,,,,,,
2026-03-26T10:59:49,13,11,Cameron Mathison,@cameronmathison,401.7k,3.06%,3.06,"[""401.7k"", ""3.06"", ""12.3k""]","[""3.06%""]",Cameron Mathison | @cameronmathison | 401.7k | 3.06% | 12.3k | Save,"[""Cameron Mathison"", ""@cameronmathison"", ""401.7k"", ""3.06%"", ""12.3k"", ""Save""]",,Cameron Mathison,@cameronmathison,401.7k,3.06%,12.3k,Save,,,,,,
2026-03-26T10:59:49,13,12,Wellness Academy,@wellness_vault,401.1k,0%,0,"[""401.1k"", ""0"", ""10""]","[""0%""]",Wellness Academy | @wellness_vault | 401.1k | 0% | 10 | Save,"[""Wellness Academy"", ""@wellness_vault"", ""401.1k"", ""0%"", ""10"", ""Save""]",,Wellness Academy,@wellness_vault,401.1k,0%,10,Save,,,,,,
2026-03-26T10:59:49,13,13,"Jonathan Schoeff, MD, FACS | Longevity Expert & Surgeon",@jonschoeff,399.4k,1.62%,1.62,"[""399.4k"", ""1.62"", ""6.5k""]","[""1.62%""]","Jonathan Schoeff, MD, FACS | Longevity Expert & Surgeon | @jonschoeff | 399.4k | 1.62% | 6.5k | Save","[""Jonathan Schoeff, MD, FACS | Longevity Expert & Surgeon"", ""@jonschoeff"", ""399.4k"", ""1.62%"", ""6.5k"", ""Save""]",,"Jonathan Schoeff, MD, FACS | Longevity Expert & Surgeon",@jonschoeff,399.4k,1.62%,6.5k,Save,,,,,,
2026-03-26T10:59:49,13,14,BrainMD Health,@brainmdhealth,397.3k,0.14%,0.14,"[""397.3k"", ""0.14"", ""576""]","[""0.14%""]",BrainMD Health | @brainmdhealth | 397.3k | 0.14% | 576 | Save,"[""BrainMD Health"", ""@brainmdhealth"", ""397.3k"", ""0.14%"", ""576"", ""Save""]",,BrainMD Health,@brainmdhealth,397.3k,0.14%,576,Save,,,,,,
2026-03-26T10:59:49,13,15,Best Health Tips,@healthbesttip,395.3k,0.06%,0.06,"[""395.3k"", ""0.06"", ""246""]","[""0.06%""]",Best Health Tips | @healthbesttip | 395.3k | 0.06% | 246 | Save,"[""Best Health Tips"", ""@healthbesttip"", ""395.3k"", ""0.06%"", ""246"", ""Save""]",,Best Health Tips,@healthbesttip,395.3k,0.06%,246,Save,,,,,,
